{
    "HRV Features (Stats)": {
        "RMSSD": {
            "mean": 0.2591657340526581,
            "std": 0.27767831087112427,
            "samples": [
                0.13184934854507446,
                0.17556633055210114,
                0.4730406701564789,
                0.038214631378650665,
                0.5952527523040771,
                -0.1531824767589569,
                0.8175811767578125,
                0.13259726762771606,
                0.06192934885621071,
                0.31880804896354675
            ]
        },
        "SDNN": {
            "mean": 0.1668637990951538,
            "std": 0.13738615810871124,
            "samples": [
                0.16484609246253967,
                0.17003105580806732,
                0.25836414098739624,
                0.09111688286066055,
                -0.1362122893333435,
                0.265386164188385,
                0.10416746884584427,
                0.261645644903183,
                0.08964803069829941,
                0.3996449112892151
            ]
        },
        "LF": {
            "mean": 3.001877784729004,
            "std": 5.426634788513184,
            "samples": [
                -0.0002573095844127238,
                -0.00037066813092678785,
                -2.4343529730685987e-05,
                -9.807203605305403e-05,
                9.514116287231445,
                16.72733497619629,
                3.778122901916504,
                -2.8756017854902893e-05,
                -4.123734015593072e-06,
                -1.3316478543856647e-05
            ]
        },
        "HF": {
            "mean": 12.272637367248535,
            "std": 7.171384811401367,
            "samples": [
                6.376703262329102,
                5.843250274658203,
                7.874512195587158,
                7.220661640167236,
                11.358759880065918,
                30.774066925048828,
                16.605144500732422,
                15.763934135437012,
                12.966109275817871,
                7.943226337432861
            ]
        },
        "LF/HF": {
            "mean": 0.12444762140512466,
            "std": 0.4087579548358917,
            "samples": [
                0.07610762864351273,
                0.20080460608005524,
                -0.08979188650846481,
                -0.15132035315036774,
                0.9187914729118347,
                -0.11899497359991074,
                0.8511313199996948,
                -0.2774016559123993,
                -0.2764942944049835,
                0.1116444393992424
            ]
        }
    },
    "EDA Features (Stats)": {
        "Mean EDA": {
            "mean": 1.572176218032837,
            "std": 1.1260697841644287,
            "samples": [
                0.9075084328651428,
                4.054110050201416,
                0.2411152571439743,
                2.1393659114837646,
                1.8487391471862793,
                1.2707103490829468,
                2.1174252033233643,
                0.5420091152191162,
                2.3754427433013916,
                0.22533652186393738
            ]
        },
        "Median EDA": {
            "mean": 1.2469133138656616,
            "std": 1.2269068956375122,
            "samples": [
                0.12801356613636017,
                3.993319034576416,
                0.0020820379722863436,
                0.544187068939209,
                2.6191487312316895,
                0.3541271388530731,
                1.3199151754379272,
                0.583184540271759,
                2.1682372093200684,
                0.7569177746772766
            ]
        },
        "SCR Count": {
            "mean": 33.92694091796875,
            "std": 0.8621925711631775,
            "samples": [
                34.655147552490234,
                31.75252342224121,
                34.05132293701172,
                34.084007263183594,
                33.390625,
                34.556640625,
                34.014747619628906,
                34.82298278808594,
                33.40650177001953,
                34.534912109375
            ]
        }
    }
}