{
    "HRV Features (Stats)": {
        "RMSSD": {
            "mean": 0.523647665977478,
            "std": 0.1913357377052307,
            "samples": [
                0.2994673550128937,
                0.40180104970932007,
                0.4239843189716339,
                0.33090534806251526,
                0.6885554194450378,
                0.5699583292007446,
                0.31939896941185,
                0.8083823323249817,
                0.5526739954948425,
                0.8413499593734741
            ]
        },
        "SDNN": {
            "mean": 0.17948958277702332,
            "std": 0.09839358180761337,
            "samples": [
                0.1571495234966278,
                0.17762219905853271,
                0.192453995347023,
                0.11809289455413818,
                0.3253640830516815,
                0.27065253257751465,
                0.2037091851234436,
                0.1291140913963318,
                0.2686452865600586,
                -0.04790806397795677
            ]
        },
        "LF": {
            "mean": 16.495594024658203,
            "std": 5.705391883850098,
            "samples": [
                20.775114059448242,
                22.964242935180664,
                17.395933151245117,
                11.607094764709473,
                19.628747940063477,
                16.152971267700195,
                18.679378509521484,
                1.643259882926941,
                18.551305770874023,
                17.55790138244629
            ]
        },
        "HF": {
            "mean": 37.321014404296875,
            "std": 2.409543991088867,
            "samples": [
                34.000816345214844,
                33.050724029541016,
                37.0822639465332,
                41.051246643066406,
                36.884708404541016,
                38.98053741455078,
                37.62661361694336,
                40.60905075073242,
                37.56276321411133,
                36.36137771606445
            ]
        },
        "LF/HF": {
            "mean": 0.8853967785835266,
            "std": 0.7020019292831421,
            "samples": [
                1.2737981081008911,
                0.8729439377784729,
                1.3455528020858765,
                0.06714422255754471,
                1.121830940246582,
                0.6082894206047058,
                0.2579215168952942,
                -0.2072940468788147,
                1.1840095520019531,
                2.3297712802886963
            ]
        }
    },
    "EDA Features (Stats)": {
        "Mean EDA": {
            "mean": 0.3150749206542969,
            "std": 0.9213865399360657,
            "samples": [
                0.05175899341702461,
                0.37255823612213135,
                -0.25626376271247864,
                -0.0470738522708416,
                0.130881667137146,
                0.8008681535720825,
                -0.2676364779472351,
                -0.25550025701522827,
                -0.2772234082221985,
                2.8983798027038574
            ]
        },
        "Median EDA": {
            "mean": 0.3048918843269348,
            "std": 1.01022207736969,
            "samples": [
                -0.04485071077942848,
                0.19981805980205536,
                -0.269606351852417,
                0.010562421754002571,
                -0.005489848088473082,
                0.7672725915908813,
                -0.2723870277404785,
                -0.25962740182876587,
                -0.27294275164604187,
                3.196169853210449
            ]
        },
        "SCR Count": {
            "mean": 1.725000023841858,
            "std": 1.0551785230636597,
            "samples": [
                2.1058576107025146,
                0.7991433143615723,
                2.529222249984741,
                2.162846565246582,
                2.3678860664367676,
                -0.2782180607318878,
                3.0246331691741943,
                2.882633686065674,
                1.1661523580551147,
                0.48984384536743164
            ]
        }
    }
}