{
    "HRV Features (Stats)": {
        "RMSSD": {
            "mean": 0.1381070911884308,
            "std": 0.13722443580627441,
            "samples": [
                0.15386217832565308,
                0.009997038170695305,
                -0.1135505810379982,
                0.13125932216644287,
                0.1978038102388382,
                0.07331433892250061,
                0.41007882356643677,
                0.11271385848522186,
                0.10919586569070816,
                0.29639625549316406
            ]
        },
        "SDNN": {
            "mean": -0.00814839731901884,
            "std": 0.10939217358827591,
            "samples": [
                0.2164907455444336,
                0.06698109954595566,
                -0.15078502893447876,
                -0.05498674511909485,
                -0.10205395519733429,
                -0.10119936615228653,
                -0.022939369082450867,
                -0.07026299834251404,
                0.13058289885520935,
                0.0066887266002595425
            ]
        },
        "LF": {
            "mean": 10.47105598449707,
            "std": 6.710737228393555,
            "samples": [
                -3.5755343560595065e-05,
                21.214611053466797,
                11.879157066345215,
                3.8165369033813477,
                16.55192756652832,
                19.825584411621094,
                12.230484008789062,
                5.684114456176758,
                7.417652130126953,
                6.090531349182129
            ]
        },
        "HF": {
            "mean": 3.458056688308716,
            "std": 3.572007656097412,
            "samples": [
                8.912577629089355,
                5.873955249786377,
                2.501091957092285,
                -0.2730596959590912,
                0.35389816761016846,
                7.534311771392822,
                -0.21898266673088074,
                8.12037467956543,
                1.9948126077651978,
                -0.21841447055339813
            ]
        },
        "LF/HF": {
            "mean": 1.422210454940796,
            "std": 0.9109678864479065,
            "samples": [
                0.19338975846767426,
                1.9104740619659424,
                0.7240475416183472,
                2.3024709224700928,
                0.8045818209648132,
                2.0611233711242676,
                2.627635955810547,
                -0.1356988549232483,
                1.5335880517959595,
                2.2004916667938232
            ]
        }
    },
    "EDA Features (Stats)": {
        "Mean EDA": {
            "mean": 0.7507171630859375,
            "std": 0.6871196031570435,
            "samples": [
                1.5288299322128296,
                1.8557043075561523,
                -0.014695290476083755,
                0.18059052526950836,
                1.3032053709030151,
                0.861990213394165,
                0.5888389945030212,
                1.3219852447509766,
                -0.07457495480775833,
                -0.04470285400748253
            ]
        },
        "Median EDA": {
            "mean": 0.930566132068634,
            "std": 0.7206629514694214,
            "samples": [
                1.8494898080825806,
                0.7839230298995972,
                0.5459793210029602,
                -0.16630211472511292,
                1.817676067352295,
                0.7710803747177124,
                1.5466089248657227,
                1.6056896448135376,
                -0.20970672369003296,
                0.7612230777740479
            ]
        },
        "SCR Count": {
            "mean": 34.32293701171875,
            "std": 0.2834344208240509,
            "samples": [
                33.81889343261719,
                34.348045349121094,
                34.29790496826172,
                34.610618591308594,
                33.80617904663086,
                34.52482604980469,
                34.49221420288086,
                34.2063102722168,
                34.581363677978516,
                34.54301452636719
            ]
        }
    }
}