{
    "HRV Features (Stats)": {
        "RMSSD": {
            "mean": 0.4258440136909485,
            "std": 0.39027950167655945,
            "samples": [
                1.0058733224868774,
                0.6988606452941895,
                0.6793233752250671,
                -0.16402177512645721,
                0.02416887693107128,
                -0.10568779706954956,
                0.6576159000396729,
                0.6305513381958008,
                0.6990073919296265,
                0.13274870812892914
            ]
        },
        "SDNN": {
            "mean": 0.09262026846408844,
            "std": 0.11740709096193314,
            "samples": [
                0.13300485908985138,
                0.17364954948425293,
                -0.10569646209478378,
                0.18347616493701935,
                0.06593010574579239,
                0.17496979236602783,
                0.2774134576320648,
                -0.10350034385919571,
                0.07485906034708023,
                0.05209645628929138
            ]
        },
        "LF": {
            "mean": -0.021383360028266907,
            "std": 0.05253390222787857,
            "samples": [
                -0.0008486898732371628,
                -0.01662096381187439,
                -0.0018398747779428959,
                -0.0029559608083218336,
                -0.00011963955330429599,
                -2.68710391537752e-06,
                -0.012897697277367115,
                -0.17808681726455688,
                -0.00045808221329934895,
                -3.191407586200512e-06
            ]
        },
        "HF": {
            "mean": 29.056873321533203,
            "std": 6.220815658569336,
            "samples": [
                29.02257537841797,
                35.35380554199219,
                31.072139739990234,
                31.57740592956543,
                29.035778045654297,
                18.244068145751953,
                33.96255111694336,
                37.481109619140625,
                26.687294006347656,
                18.13199234008789
            ]
        },
        "LF/HF": {
            "mean": -0.10342450439929962,
            "std": 0.1794525533914566,
            "samples": [
                0.15225377678871155,
                -0.25049155950546265,
                -0.2439887821674347,
                -0.06677207350730896,
                -0.23797491192817688,
                -0.2740582227706909,
                -0.142603799700737,
                0.08252815902233124,
                0.21713559329509735,
                -0.2702733278274536
            ]
        }
    },
    "EDA Features (Stats)": {
        "Mean EDA": {
            "mean": 1.0573413372039795,
            "std": 0.7982295751571655,
            "samples": [
                2.2396113872528076,
                0.4151039123535156,
                0.362341970205307,
                1.3215488195419312,
                2.2098848819732666,
                0.3814831078052521,
                0.9028419852256775,
                1.4411308765411377,
                -0.27764198184013367,
                1.57710862159729
            ]
        },
        "Median EDA": {
            "mean": 0.800662636756897,
            "std": 1.0383851528167725,
            "samples": [
                -0.19709962606430054,
                0.3375352919101715,
                0.07984325289726257,
                1.7207674980163574,
                2.983952522277832,
                -0.006334646604955196,
                1.6997921466827393,
                0.19273918867111206,
                -0.27631789445877075,
                1.4717477560043335
            ]
        },
        "SCR Count": {
            "mean": 34.186378479003906,
            "std": 0.544308602809906,
            "samples": [
                33.02696228027344,
                34.53832244873047,
                34.76114273071289,
                33.88972854614258,
                33.777854919433594,
                34.768951416015625,
                34.49099349975586,
                34.451271057128906,
                33.64104461669922,
                34.51747131347656
            ]
        }
    }
}