{
    "HRV Features (Stats)": {
        "RMSSD": {
            "mean": 0.3880300223827362,
            "std": 0.42830321192741394,
            "samples": [
                0.08407661318778992,
                0.11012093722820282,
                1.17195463180542,
                0.21019262075424194,
                0.7635161280632019,
                -0.05957081541419029,
                0.9644660353660583,
                -0.1976299285888672,
                0.40230631828308105,
                0.43086767196655273
            ]
        },
        "SDNN": {
            "mean": 0.12058212608098984,
            "std": 0.21473844349384308,
            "samples": [
                -0.05179589241743088,
                0.011275454424321651,
                -0.275687575340271,
                0.1948561817407608,
                0.6093518733978271,
                0.17386291921138763,
                0.08745574206113815,
                0.2074911892414093,
                0.18152102828025818,
                0.06749031692743301
            ]
        },
        "LF": {
            "mean": 8.152399063110352,
            "std": 8.407349586486816,
            "samples": [
                17.990520477294922,
                12.748046875,
                3.4666709899902344,
                25.659793853759766,
                13.109842300415039,
                -0.002128398045897484,
                -0.14764602482318878,
                -2.7288688215776347e-05,
                5.948176860809326,
                2.750751256942749
            ]
        },
        "HF": {
            "mean": 16.87032127380371,
            "std": 6.759643077850342,
            "samples": [
                19.2576847076416,
                19.071075439453125,
                25.510690689086914,
                24.99387550354004,
                21.38231658935547,
                11.215584754943848,
                21.67462158203125,
                10.59034538269043,
                4.727822303771973,
                10.279191970825195
            ]
        },
        "LF/HF": {
            "mean": 0.9624948501586914,
            "std": 1.2486774921417236,
            "samples": [
                -0.2646716237068176,
                1.6282144784927368,
                3.2088122367858887,
                2.5449769496917725,
                -0.02819451317191124,
                -0.23346705734729767,
                1.2045217752456665,
                -0.25664204359054565,
                1.9428365230560303,
                -0.1214383989572525
            ]
        }
    },
    "EDA Features (Stats)": {
        "Mean EDA": {
            "mean": 0.8799055814743042,
            "std": 0.8561438322067261,
            "samples": [
                0.807153046131134,
                -0.0878198891878128,
                2.2584965229034424,
                2.1594107151031494,
                0.006251299288123846,
                -0.2296871691942215,
                1.7092359066009521,
                0.5862486958503723,
                0.6112511157989502,
                0.9785156846046448
            ]
        },
        "Median EDA": {
            "mean": 0.690000593662262,
            "std": 0.806710422039032,
            "samples": [
                0.7405076622962952,
                -0.09544605761766434,
                2.064791202545166,
                1.4975172281265259,
                0.2581121325492859,
                -0.2784541845321655,
                1.5604885816574097,
                0.012193604372441769,
                -0.12837675213813782,
                1.2686728239059448
            ]
        },
        "SCR Count": {
            "mean": 34.48003387451172,
            "std": 0.23790299892425537,
            "samples": [
                34.642330169677734,
                34.75255584716797,
                34.05714416503906,
                34.57270812988281,
                34.518089294433594,
                34.17781448364258,
                34.51384353637695,
                34.8332633972168,
                34.495479583740234,
                34.237117767333984
            ]
        }
    }
}