{
    "HRV Features (Stats)": {
        "RMSSD": {
            "mean": 0.24821245670318604,
            "std": 0.18826574087142944,
            "samples": [
                0.16453178226947784,
                -0.04426610469818115,
                0.15769988298416138,
                0.45137155055999756,
                0.36694711446762085,
                0.15914736688137054,
                0.1684916466474533,
                0.6435208320617676,
                0.3178660571575165,
                0.09681441634893417
            ]
        },
        "SDNN": {
            "mean": 0.18204832077026367,
            "std": 0.07488888502120972,
            "samples": [
                0.11766799539327621,
                0.285902738571167,
                0.20726270973682404,
                0.09614873677492142,
                0.10858248919248581,
                0.15595580637454987,
                0.28518185019493103,
                0.09839477390050888,
                0.18634597957134247,
                0.27904021739959717
            ]
        },
        "LF": {
            "mean": 14.590410232543945,
            "std": 4.254666805267334,
            "samples": [
                21.124006271362305,
                15.779993057250977,
                21.06145477294922,
                8.720879554748535,
                14.579032897949219,
                12.097820281982422,
                12.234355926513672,
                11.909158706665039,
                9.652653694152832,
                18.74473762512207
            ]
        },
        "HF": {
            "mean": 39.717655181884766,
            "std": 2.1489884853363037,
            "samples": [
                35.52586364746094,
                40.15543746948242,
                36.286163330078125,
                41.65357208251953,
                40.283287048339844,
                41.585140228271484,
                41.35647964477539,
                40.48636245727539,
                41.614479064941406,
                38.22977066040039
            ]
        },
        "LF/HF": {
            "mean": 0.1637805700302124,
            "std": 0.3897576630115509,
            "samples": [
                1.2245811223983765,
                -0.21506644785404205,
                0.07171331346035004,
                -0.11167935281991959,
                0.16670584678649902,
                -0.1730918288230896,
                0.16408127546310425,
                0.11254899948835373,
                0.04516403004527092,
                0.35284876823425293
            ]
        }
    },
    "EDA Features (Stats)": {
        "Mean EDA": {
            "mean": 0.8522266149520874,
            "std": 1.0281107425689697,
            "samples": [
                -0.23112836480140686,
                1.136136770248413,
                -0.276538610458374,
                2.297578811645508,
                1.42925226688385,
                2.0084564685821533,
                0.16815656423568726,
                0.022680100053548813,
                2.227245330810547,
                -0.2595726251602173
            ]
        },
        "Median EDA": {
            "mean": 0.9826680421829224,
            "std": 1.0310893058776855,
            "samples": [
                -0.20391033589839935,
                0.9656322598457336,
                -0.27301982045173645,
                2.035365104675293,
                1.6753510236740112,
                2.6755850315093994,
                0.25488102436065674,
                0.9441155195236206,
                2.0249745845794678,
                -0.2722935974597931
            ]
        },
        "SCR Count": {
            "mean": 5.049334526062012,
            "std": 4.315685272216797,
            "samples": [
                1.4520642757415771,
                6.161904811859131,
                5.94304895401001,
                2.341066837310791,
                2.4433484077453613,
                11.550992965698242,
                0.40050867199897766,
                14.217378616333008,
                2.381913423538208,
                3.6011180877685547
            ]
        }
    }
}