{
    "HRV Features (Stats)": {
        "RMSSD": {
            "mean": 0.46838998794555664,
            "std": 0.4616568088531494,
            "samples": [
                0.45436713099479675,
                -0.09505666047334671,
                0.34367430210113525,
                0.7049201130867004,
                0.47817233204841614,
                0.2605143189430237,
                -0.1169520691037178,
                0.3341459631919861,
                0.7234000563621521,
                1.5967143774032593
            ]
        },
        "SDNN": {
            "mean": 0.13442158699035645,
            "std": 0.10099244862794876,
            "samples": [
                0.10844889283180237,
                0.33386045694351196,
                -0.003415195271372795,
                0.24970278143882751,
                0.19520804286003113,
                0.07259492576122284,
                0.17326056957244873,
                0.12563379108905792,
                -7.27272781659849e-05,
                0.08899427950382233
            ]
        },
        "LF": {
            "mean": 18.305070877075195,
            "std": 3.914598226547241,
            "samples": [
                13.95036506652832,
                21.984519958496094,
                15.757515907287598,
                12.76781940460205,
                20.406890869140625,
                22.86620330810547,
                16.35272789001465,
                25.33291244506836,
                16.2122859954834,
                17.419483184814453
            ]
        },
        "HF": {
            "mean": 34.82421875,
            "std": 3.8297481536865234,
            "samples": [
                39.5658073425293,
                34.12102508544922,
                39.27201461791992,
                38.43138885498047,
                36.146446228027344,
                31.89324951171875,
                30.989620208740234,
                27.204734802246094,
                37.22318649291992,
                33.39474105834961
            ]
        },
        "LF/HF": {
            "mean": 0.9705111384391785,
            "std": 1.147040605545044,
            "samples": [
                0.7984148859977722,
                0.6619485020637512,
                0.4484577178955078,
                -0.20813986659049988,
                1.1873879432678223,
                1.5110979080200195,
                -0.2531602680683136,
                0.22614333033561707,
                1.3962273597717285,
                3.9367337226867676
            ]
        }
    },
    "EDA Features (Stats)": {
        "Mean EDA": {
            "mean": 0.8413429260253906,
            "std": 1.5894131660461426,
            "samples": [
                -0.27839478850364685,
                -0.26719367504119873,
                5.031489849090576,
                2.08471941947937,
                0.9935669898986816,
                -0.01195824146270752,
                -0.23747925460338593,
                0.20479245483875275,
                1.1697529554367065,
                -0.27586638927459717
            ]
        },
        "Median EDA": {
            "mean": 0.7726821303367615,
            "std": 1.7927074432373047,
            "samples": [
                -0.27845388650894165,
                -0.27430516481399536,
                5.804030418395996,
                1.6591095924377441,
                0.7532274127006531,
                -0.08892927318811417,
                -0.18204574286937714,
                -0.2741048038005829,
                0.8731996417045593,
                -0.2649064362049103
            ]
        },
        "SCR Count": {
            "mean": 4.745759963989258,
            "std": 5.32757043838501,
            "samples": [
                1.304819941520691,
                8.307737350463867,
                4.1521687507629395,
                1.6067488193511963,
                -0.2762759327888489,
                -0.12325362116098404,
                11.927881240844727,
                16.107622146606445,
                0.3830701410770416,
                4.067080020904541
            ]
        }
    }
}