{
    "HRV Features (Stats)": {
        "RMSSD": {
            "mean": 0.10900340974330902,
            "std": 0.1669727861881256,
            "samples": [
                0.44203242659568787,
                0.04196823388338089,
                0.1761898249387741,
                -0.1554933488368988,
                0.21992823481559753,
                0.036942582577466965,
                0.2528170049190521,
                -0.09119478613138199,
                0.015022587962448597,
                0.15182140469551086
            ]
        },
        "SDNN": {
            "mean": 0.13995732367038727,
            "std": 0.16020840406417847,
            "samples": [
                0.10274374485015869,
                0.15471690893173218,
                0.32380858063697815,
                0.24607449769973755,
                0.1003628671169281,
                -0.06035809591412544,
                0.12336733192205429,
                0.02712034434080124,
                -0.08309973031282425,
                0.4648367464542389
            ]
        },
        "LF": {
            "mean": 5.864445686340332,
            "std": 6.9818196296691895,
            "samples": [
                16.857418060302734,
                -0.003340605180710554,
                -0.009458806365728378,
                5.258207321166992,
                4.558156490325928,
                1.9021588563919067,
                20.1280517578125,
                0.5521976947784424,
                9.47156047821045,
                -0.07049676775932312
            ]
        },
        "HF": {
            "mean": 4.499593734741211,
            "std": 4.479941368103027,
            "samples": [
                15.728414535522461,
                0.5348562598228455,
                2.7901153564453125,
                2.889116048812866,
                0.8525717258453369,
                0.025401780381798744,
                6.702144145965576,
                3.5037710666656494,
                8.19878101348877,
                3.770766496658325
            ]
        },
        "LF/HF": {
            "mean": 1.3651180267333984,
            "std": 0.8767130970954895,
            "samples": [
                3.1441192626953125,
                0.5530287027359009,
                0.3292618989944458,
                0.5439148545265198,
                1.4797221422195435,
                2.2804110050201416,
                2.1505179405212402,
                1.51914381980896,
                0.9683036208152771,
                0.682756245136261
            ]
        }
    },
    "EDA Features (Stats)": {
        "Mean EDA": {
            "mean": 0.41890913248062134,
            "std": 0.5310347676277161,
            "samples": [
                -0.06705415993928909,
                -0.11360041052103043,
                -0.08392415195703506,
                1.7775232791900635,
                0.5465204119682312,
                0.10627086460590363,
                0.3280768394470215,
                0.5841933488845825,
                0.46997198462486267,
                0.6411131024360657
            ]
        },
        "Median EDA": {
            "mean": 0.4405774176120758,
            "std": 0.5828849673271179,
            "samples": [
                -0.035257089883089066,
                -0.2207491248846054,
                0.3596963584423065,
                2.0007221698760986,
                0.18380020558834076,
                0.5806116461753845,
                0.2084430307149887,
                0.5961992144584656,
                0.12278390675783157,
                0.6095235347747803
            ]
        },
        "SCR Count": {
            "mean": 34.43982696533203,
            "std": 0.3415159285068512,
            "samples": [
                34.584327697753906,
                34.38356399536133,
                34.51677322387695,
                33.47810745239258,
                34.537017822265625,
                34.34856414794922,
                34.71683120727539,
                34.49824905395508,
                34.73790740966797,
                34.596954345703125
            ]
        }
    }
}