{
    "HRV Features (Stats)": {
        "RMSSD": {
            "mean": 0.35968926548957825,
            "std": 0.24249736964702606,
            "samples": [
                0.7961089611053467,
                0.4850512146949768,
                0.529539942741394,
                0.5314180850982666,
                0.5159011483192444,
                0.2736467123031616,
                0.054388679563999176,
                0.3076782524585724,
                -0.0029639664571732283,
                0.10612361133098602
            ]
        },
        "SDNN": {
            "mean": 0.18032419681549072,
            "std": 0.1757398098707199,
            "samples": [
                0.4873986840248108,
                0.13529200851917267,
                0.13256984949111938,
                0.21744219958782196,
                -0.05741744115948677,
                0.4413774609565735,
                0.2362806648015976,
                0.24252578616142273,
                -0.019129952415823936,
                -0.01309734582901001
            ]
        },
        "LF": {
            "mean": 19.289512634277344,
            "std": 5.368838787078857,
            "samples": [
                23.231632232666016,
                17.522403717041016,
                13.2190523147583,
                25.90727996826172,
                20.905424118041992,
                18.29389190673828,
                8.424507141113281,
                26.186452865600586,
                22.726491928100586,
                16.478002548217773
            ]
        },
        "HF": {
            "mean": 23.886220932006836,
            "std": 7.692665100097656,
            "samples": [
                29.42898941040039,
                38.12021255493164,
                29.294776916503906,
                24.743492126464844,
                14.773478507995605,
                29.7432861328125,
                15.891280174255371,
                23.19947624206543,
                21.693561553955078,
                11.973664283752441
            ]
        },
        "LF/HF": {
            "mean": 1.8763682842254639,
            "std": 0.7643839716911316,
            "samples": [
                1.7232208251953125,
                1.709800362586975,
                2.158583879470825,
                0.6947919130325317,
                2.8474628925323486,
                2.115399122238159,
                0.7600226998329163,
                1.2449370622634888,
                2.5020248889923096,
                3.007439374923706
            ]
        }
    },
    "EDA Features (Stats)": {
        "Mean EDA": {
            "mean": 0.7878769040107727,
            "std": 0.410061776638031,
            "samples": [
                1.123220443725586,
                0.3037903606891632,
                0.06993424147367477,
                1.2515110969543457,
                0.946628749370575,
                1.1445707082748413,
                0.8474991917610168,
                0.3047081530094147,
                0.6549519896507263,
                1.2319540977478027
            ]
        },
        "Median EDA": {
            "mean": 0.7344247102737427,
            "std": 0.5637219548225403,
            "samples": [
                1.543808102607727,
                -0.08749128878116608,
                -0.06319451332092285,
                0.3944884240627289,
                0.6515862345695496,
                1.2255851030349731,
                1.3551605939865112,
                0.3250947594642639,
                0.7222800254821777,
                1.2769296169281006
            ]
        },
        "SCR Count": {
            "mean": 34.676002502441406,
            "std": 0.1117124930024147,
            "samples": [
                34.537071228027344,
                34.774044036865234,
                34.69172668457031,
                34.743896484375,
                34.808563232421875,
                34.61753845214844,
                34.50441360473633,
                34.842857360839844,
                34.676849365234375,
                34.563079833984375
            ]
        }
    }
}