{
    "HRV Features (Stats)": {
        "RMSSD": {
            "mean": -0.011240942403674126,
            "std": 0.09543439745903015,
            "samples": [
                -0.08661167323589325,
                -0.08788750320672989,
                0.04062078148126602,
                -0.06730857491493225,
                0.05407395586371422,
                -0.04014652594923973,
                -0.12438580393791199,
                0.07329974323511124,
                -0.07418903708457947,
                0.20012523233890533
            ]
        },
        "SDNN": {
            "mean": 0.2563738524913788,
            "std": 0.10624701529741287,
            "samples": [
                0.22977763414382935,
                0.384073942899704,
                0.3206704556941986,
                0.08742862939834595,
                0.17888370156288147,
                0.14709530770778656,
                0.23587393760681152,
                0.21473217010498047,
                0.45751962065696716,
                0.30768322944641113
            ]
        },
        "LF": {
            "mean": -0.012523649260401726,
            "std": 0.024623891338706017,
            "samples": [
                -0.00010459506302140653,
                -0.0005187000497244298,
                -5.745161615777761e-06,
                -0.00015953340334817767,
                -1.1496891602291726e-05,
                -0.0008624373585917056,
                -0.059153083711862564,
                -7.942634692881256e-05,
                -6.371959898388013e-05,
                -0.0642777606844902
            ]
        },
        "HF": {
            "mean": 4.4339447021484375,
            "std": 2.8527345657348633,
            "samples": [
                1.9604215621948242,
                0.6789911985397339,
                6.723046779632568,
                3.754277467727661,
                9.187223434448242,
                2.471585750579834,
                8.904126167297363,
                5.13342809677124,
                3.9800779819488525,
                1.5462628602981567
            ]
        },
        "LF/HF": {
            "mean": 0.4206719994544983,
            "std": 0.7182791829109192,
            "samples": [
                0.10775211453437805,
                0.8540751338005066,
                -0.14644934237003326,
                0.14404307305812836,
                -0.11178421974182129,
                -0.09056663513183594,
                2.1219606399536133,
                -0.1434611678123474,
                0.22591331601142883,
                1.2452372312545776
            ]
        }
    },
    "EDA Features (Stats)": {
        "Mean EDA": {
            "mean": 0.3483547568321228,
            "std": 0.4670737683773041,
            "samples": [
                0.1608087420463562,
                0.16859006881713867,
                0.07093749195337296,
                0.4419500529766083,
                0.8375518918037415,
                0.0690295398235321,
                1.5497227907180786,
                0.1041303351521492,
                -0.055624719709157944,
                0.13645146787166595
            ]
        },
        "Median EDA": {
            "mean": 0.17518462240695953,
            "std": 0.2271425724029541,
            "samples": [
                0.31139710545539856,
                0.1055256649851799,
                0.14454776048660278,
                -0.07643675059080124,
                0.0618615597486496,
                0.26763811707496643,
                0.7010073661804199,
                0.2726784646511078,
                -0.1700255274772644,
                0.13365259766578674
            ]
        },
        "SCR Count": {
            "mean": 34.50196075439453,
            "std": 0.09716649353504181,
            "samples": [
                34.40415573120117,
                34.67766189575195,
                34.48638916015625,
                34.43767547607422,
                34.57754135131836,
                34.446372985839844,
                34.36437225341797,
                34.622413635253906,
                34.44083023071289,
                34.56214904785156
            ]
        }
    }
}