{
    "HRV Features (Stats)": {
        "RMSSD": {
            "mean": 0.24026159942150116,
            "std": 0.2804088294506073,
            "samples": [
                0.5029829144477844,
                0.3228934109210968,
                0.07878374308347702,
                -0.09941496700048447,
                -0.04203405976295471,
                0.2355821132659912,
                0.9085370302200317,
                0.22678764164447784,
                0.03419503569602966,
                0.23430298268795013
            ]
        },
        "SDNN": {
            "mean": 0.2329162061214447,
            "std": 0.09232258051633835,
            "samples": [
                0.132219135761261,
                0.1931786984205246,
                0.16068698465824127,
                0.25645095109939575,
                0.13004299998283386,
                0.15833570063114166,
                0.23576179146766663,
                0.42193061113357544,
                0.3376120328903198,
                0.3029431104660034
            ]
        },
        "LF": {
            "mean": 10.889654159545898,
            "std": 6.939000606536865,
            "samples": [
                16.822772979736328,
                -0.03354252129793167,
                6.099106311798096,
                21.802207946777344,
                7.275189399719238,
                16.157976150512695,
                12.466597557067871,
                14.918089866638184,
                -0.02178741991519928,
                13.40993595123291
            ]
        },
        "HF": {
            "mean": 37.31681442260742,
            "std": 3.196385383605957,
            "samples": [
                37.213802337646484,
                36.867305755615234,
                41.955081939697266,
                32.975250244140625,
                41.99143600463867,
                38.832332611083984,
                32.10866928100586,
                35.09611511230469,
                36.6026496887207,
                39.52548599243164
            ]
        },
        "LF/HF": {
            "mean": 0.016171731054782867,
            "std": 0.423764169216156,
            "samples": [
                0.8363333344459534,
                -0.1664733588695526,
                -0.27414464950561523,
                -0.2773773670196533,
                -0.26868128776550293,
                0.161529079079628,
                0.8166502714157104,
                -0.2743193507194519,
                -0.16497883200645447,
                -0.22682054340839386
            ]
        }
    },
    "EDA Features (Stats)": {
        "Mean EDA": {
            "mean": 1.0230273008346558,
            "std": 1.1684491634368896,
            "samples": [
                2.3248634338378906,
                1.4016138315200806,
                0.445361852645874,
                2.4712507724761963,
                0.705879807472229,
                -0.028568372130393982,
                -0.1059991717338562,
                0.03416270762681961,
                -0.16547682881355286,
                3.1471855640411377
            ]
        },
        "Median EDA": {
            "mean": 1.1293026208877563,
            "std": 2.116297721862793,
            "samples": [
                0.6119327545166016,
                0.022519618272781372,
                -0.04338843747973442,
                4.758139133453369,
                -0.054419949650764465,
                0.779975950717926,
                -0.27504006028175354,
                -0.041553597897291183,
                -0.2753993272781372,
                5.810259819030762
            ]
        },
        "SCR Count": {
            "mean": 28.633914947509766,
            "std": 4.911896705627441,
            "samples": [
                30.902393341064453,
                31.306177139282227,
                29.995046615600586,
                23.174909591674805,
                22.13873863220215,
                32.766212463378906,
                33.893428802490234,
                33.04268264770508,
                19.185449600219727,
                29.934099197387695
            ]
        }
    }
}