{
    "HRV Features (Stats)": {
        "RMSSD": {
            "mean": 0.10646709054708481,
            "std": 0.13295277953147888,
            "samples": [
                0.18364332616329193,
                0.12515674531459808,
                -0.015920178964734077,
                0.08804776519536972,
                0.2634204030036926,
                -0.04873441532254219,
                -0.13732928037643433,
                0.1602567732334137,
                0.13114358484745026,
                0.3149862587451935
            ]
        },
        "SDNN": {
            "mean": 0.2244003266096115,
            "std": 0.12511493265628815,
            "samples": [
                0.033852264285087585,
                0.20820923149585724,
                0.3885365128517151,
                0.32407838106155396,
                0.04260721802711487,
                0.193526491522789,
                0.10900700092315674,
                0.2602831721305847,
                0.2834335267543793,
                0.4004693925380707
            ]
        },
        "LF": {
            "mean": 26.06294822692871,
            "std": 0.3995853364467621,
            "samples": [
                26.704822540283203,
                26.231136322021484,
                25.751977920532227,
                25.583179473876953,
                26.502870559692383,
                25.495136260986328,
                25.674057006835938,
                26.010299682617188,
                26.273759841918945,
                26.402244567871094
            ]
        },
        "HF": {
            "mean": 20.67815589904785,
            "std": 3.5651919841766357,
            "samples": [
                18.932510375976562,
                17.21721649169922,
                24.538610458374023,
                25.881933212280273,
                16.988847732543945,
                21.936954498291016,
                15.844466209411621,
                26.108442306518555,
                19.69995880126953,
                19.63262367248535
            ]
        },
        "LF/HF": {
            "mean": 0.8097770810127258,
            "std": 0.5835853219032288,
            "samples": [
                1.5887539386749268,
                0.9810665845870972,
                0.5007513761520386,
                0.007263203617185354,
                1.4256011247634888,
                -0.16386429965496063,
                0.8756484389305115,
                1.6012487411499023,
                0.5544614791870117,
                0.726840078830719
            ]
        }
    },
    "EDA Features (Stats)": {
        "Mean EDA": {
            "mean": 1.3493720293045044,
            "std": 1.5307750701904297,
            "samples": [
                2.0538415908813477,
                1.1218596696853638,
                0.4799076318740845,
                -0.06170079484581947,
                5.552993297576904,
                1.261651873588562,
                1.3380341529846191,
                1.0108531713485718,
                0.8259093761444092,
                -0.0896298885345459
            ]
        },
        "Median EDA": {
            "mean": 1.275038480758667,
            "std": 1.5784629583358765,
            "samples": [
                4.311453819274902,
                -0.1650417000055313,
                -0.06084609404206276,
                0.9462403655052185,
                4.279839992523193,
                0.5903528332710266,
                0.5246325135231018,
                1.0736154317855835,
                1.250720739364624,
                -0.0005837322678416967
            ]
        },
        "SCR Count": {
            "mean": 33.4193000793457,
            "std": 1.5936139822006226,
            "samples": [
                31.26749610900879,
                33.992515563964844,
                34.40045166015625,
                34.32549285888672,
                29.774993896484375,
                34.67279815673828,
                34.65312957763672,
                32.98185729980469,
                34.856170654296875,
                33.26811218261719
            ]
        }
    }
}