{
    "HRV Features (Stats)": {
        "RMSSD": {
            "mean": 0.1352670043706894,
            "std": 0.1322663128376007,
            "samples": [
                0.2019428163766861,
                0.22069069743156433,
                0.18448567390441895,
                -0.010037718340754509,
                0.007489402778446674,
                0.22065964341163635,
                -0.14103072881698608,
                0.11731647700071335,
                0.2733922600746155,
                0.2777616083621979
            ]
        },
        "SDNN": {
            "mean": 0.12243755906820297,
            "std": 0.15711134672164917,
            "samples": [
                0.14655382931232452,
                -0.019635481759905815,
                0.07093143463134766,
                0.31012722849845886,
                0.36827152967453003,
                0.1264701783657074,
                0.3297027051448822,
                -0.09297748655080795,
                -0.05546507611870766,
                0.04039683938026428
            ]
        },
        "LF": {
            "mean": 25.874286651611328,
            "std": 0.7847487330436707,
            "samples": [
                26.576364517211914,
                25.119464874267578,
                26.496145248413086,
                25.845802307128906,
                26.327178955078125,
                26.490339279174805,
                26.121389389038086,
                26.012575149536133,
                23.86355209350586,
                25.89003562927246
            ]
        },
        "HF": {
            "mean": 18.09722900390625,
            "std": 2.8400986194610596,
            "samples": [
                21.81088638305664,
                18.291484832763672,
                19.3670654296875,
                17.057655334472656,
                20.067956924438477,
                19.148117065429688,
                19.412864685058594,
                19.47896957397461,
                11.307296752929688,
                15.02998161315918
            ]
        },
        "LF/HF": {
            "mean": 1.7343966960906982,
            "std": 0.9617659449577332,
            "samples": [
                1.7766200304031372,
                2.490851640701294,
                1.1237510442733765,
                1.258707046508789,
                0.5937352180480957,
                1.639733076095581,
                0.39637935161590576,
                1.9281907081604004,
                3.899219512939453,
                2.236778736114502
            ]
        }
    },
    "EDA Features (Stats)": {
        "Mean EDA": {
            "mean": 1.105902075767517,
            "std": 0.7197383046150208,
            "samples": [
                1.121767520904541,
                0.762667179107666,
                2.034961223602295,
                1.2128829956054688,
                0.7623481750488281,
                0.8958309292793274,
                2.49826717376709,
                1.5165904760360718,
                0.10455292463302612,
                0.14915254712104797
            ]
        },
        "Median EDA": {
            "mean": 1.1404492855072021,
            "std": 0.6761987805366516,
            "samples": [
                0.6799977421760559,
                1.5625495910644531,
                2.3166303634643555,
                0.1941155642271042,
                0.5468764305114746,
                1.519078016281128,
                1.5729914903640747,
                1.8691118955612183,
                0.717071533203125,
                0.4260716438293457
            ]
        },
        "SCR Count": {
            "mean": 34.533870697021484,
            "std": 0.3466765880584717,
            "samples": [
                34.84907531738281,
                34.651390075683594,
                33.70220184326172,
                34.75407409667969,
                34.76088333129883,
                34.842437744140625,
                34.37226486206055,
                34.160560607910156,
                34.7239990234375,
                34.521820068359375
            ]
        }
    }
}