{
    "HRV Features (Stats)": {
        "RMSSD": {
            "mean": 0.3434862792491913,
            "std": 0.49835821986198425,
            "samples": [
                -0.10349810868501663,
                0.602764368057251,
                1.7113218307495117,
                0.23013442754745483,
                0.10057292878627777,
                0.18823882937431335,
                0.180130735039711,
                0.42598628997802734,
                -0.09776235371828079,
                0.1969740390777588
            ]
        },
        "SDNN": {
            "mean": 0.2629531919956207,
            "std": 0.154114231467247,
            "samples": [
                0.37676140666007996,
                0.11654112488031387,
                0.1461159586906433,
                0.039812032133340836,
                0.3197837173938751,
                0.3658194839954376,
                0.5641791820526123,
                0.3807578384876251,
                0.16163328289985657,
                0.158128023147583
            ]
        },
        "LF": {
            "mean": 19.027950286865234,
            "std": 7.3312883377075195,
            "samples": [
                21.009023666381836,
                20.7889404296875,
                -0.24984502792358398,
                20.410865783691406,
                25.389774322509766,
                21.14664649963379,
                18.992597579956055,
                23.868995666503906,
                12.823020935058594,
                26.09947967529297
            ]
        },
        "HF": {
            "mean": 25.092288970947266,
            "std": 5.654024600982666,
            "samples": [
                33.437110900878906,
                22.281017303466797,
                22.009958267211914,
                30.226207733154297,
                22.38935089111328,
                21.149394989013672,
                36.43449020385742,
                22.457530975341797,
                21.079212188720703,
                19.458621978759766
            ]
        },
        "LF/HF": {
            "mean": 1.0919430255889893,
            "std": 0.9772694110870361,
            "samples": [
                -0.2597046494483948,
                1.910383701324463,
                1.919495701789856,
                3.1170670986175537,
                1.2474267482757568,
                0.4788096249103546,
                0.4569997489452362,
                1.423952579498291,
                0.048651233315467834,
                0.5763476490974426
            ]
        }
    },
    "EDA Features (Stats)": {
        "Mean EDA": {
            "mean": 0.8578882217407227,
            "std": 1.0030581951141357,
            "samples": [
                -0.21486473083496094,
                0.04723597690463066,
                0.44951140880584717,
                0.04493680223822594,
                0.895190417766571,
                0.6814145445823669,
                -0.04463234543800354,
                1.4930481910705566,
                2.6864678859710693,
                2.540574073791504
            ]
        },
        "Median EDA": {
            "mean": 0.8861759305000305,
            "std": 1.3253262042999268,
            "samples": [
                -0.26332151889801025,
                0.2825064957141876,
                0.3968324661254883,
                -0.26495376229286194,
                0.20811039209365845,
                0.5549100637435913,
                -0.0968211442232132,
                4.115102291107178,
                2.0795960426330566,
                1.8497973680496216
            ]
        },
        "SCR Count": {
            "mean": 34.04301834106445,
            "std": 0.6362190842628479,
            "samples": [
                33.513587951660156,
                34.715145111083984,
                34.71451187133789,
                34.334815979003906,
                34.72574234008789,
                34.56531524658203,
                33.45499038696289,
                32.783145904541016,
                33.826446533203125,
                33.796478271484375
            ]
        }
    }
}