{
    "HRV Features (Stats)": {
        "RMSSD": {
            "mean": 0.04330892488360405,
            "std": 0.10529207438230515,
            "samples": [
                0.028216317296028137,
                -0.07532980293035507,
                -0.05839262902736664,
                0.28948527574539185,
                0.08079492300748825,
                0.03396907448768616,
                0.13136756420135498,
                -0.042324598878622055,
                -0.04130922257900238,
                0.08661232888698578
            ]
        },
        "SDNN": {
            "mean": 0.09399756044149399,
            "std": 0.16455130279064178,
            "samples": [
                0.23380407691001892,
                -0.17244811356067657,
                0.3374495208263397,
                0.29276737570762634,
                0.06393122673034668,
                0.2133094221353531,
                -0.019154738634824753,
                -0.09766003489494324,
                0.12072392553091049,
                -0.03274695947766304
            ]
        },
        "LF": {
            "mean": 22.257488250732422,
            "std": 4.506275653839111,
            "samples": [
                26.56562614440918,
                15.992976188659668,
                23.826391220092773,
                25.871135711669922,
                16.64325714111328,
                20.866666793823242,
                25.62272834777832,
                14.881528854370117,
                26.482879638671875,
                25.821701049804688
            ]
        },
        "HF": {
            "mean": 20.162944793701172,
            "std": 9.655091285705566,
            "samples": [
                21.674747467041016,
                6.317485809326172,
                25.53942108154297,
                24.40357208251953,
                38.33613204956055,
                5.341374397277832,
                23.321781158447266,
                9.988444328308105,
                21.411895751953125,
                25.294599533081055
            ]
        },
        "LF/HF": {
            "mean": 0.9321702122688293,
            "std": 0.8068618774414062,
            "samples": [
                1.1895270347595215,
                0.8192129135131836,
                -0.15243467688560486,
                1.2583354711532593,
                -0.27838167548179626,
                1.433344841003418,
                0.7903303503990173,
                2.6191351413726807,
                1.341585397720337,
                0.30104759335517883
            ]
        }
    },
    "EDA Features (Stats)": {
        "Mean EDA": {
            "mean": 1.6313951015472412,
            "std": 1.100712776184082,
            "samples": [
                2.5885519981384277,
                1.1057583093643188,
                2.388739824295044,
                -0.04264630004763603,
                3.938889503479004,
                0.9437850117683411,
                0.3302665054798126,
                1.865067720413208,
                1.6054977178573608,
                1.5900423526763916
            ]
        },
        "Median EDA": {
            "mean": 1.7823508977890015,
            "std": 1.2218501567840576,
            "samples": [
                2.662820339202881,
                2.170675039291382,
                1.7685269117355347,
                1.4857264757156372,
                4.725679874420166,
                0.031610775738954544,
                0.7171236276626587,
                2.052715301513672,
                0.9319267868995667,
                1.2767056226730347
            ]
        },
        "SCR Count": {
            "mean": 33.798179626464844,
            "std": 0.964250922203064,
            "samples": [
                32.71585464477539,
                33.991058349609375,
                34.01953125,
                33.99151611328125,
                31.42862892150879,
                34.015586853027344,
                34.760009765625,
                33.80344772338867,
                34.766204833984375,
                34.48994445800781
            ]
        }
    }
}