{
    "HRV Features (Stats)": {
        "RMSSD": {
            "mean": 0.10080299526453018,
            "std": 0.19023339450359344,
            "samples": [
                0.19495445489883423,
                0.32711005210876465,
                -0.00806993618607521,
                0.04256027564406395,
                -0.15844757854938507,
                0.09734782576560974,
                0.0558171421289444,
                0.5202463865280151,
                -0.08762643486261368,
                0.024137763306498528
            ]
        },
        "SDNN": {
            "mean": 0.2377459555864334,
            "std": 0.2266346663236618,
            "samples": [
                -0.040485870093107224,
                0.41817668080329895,
                -0.1300995945930481,
                0.358091801404953,
                0.6448124647140503,
                0.13198049366474152,
                0.10849735885858536,
                0.1197025328874588,
                0.427645206451416,
                0.33913853764533997
            ]
        },
        "LF": {
            "mean": 20.482751846313477,
            "std": 7.134942531585693,
            "samples": [
                22.13630485534668,
                26.535232543945312,
                20.69468879699707,
                25.481861114501953,
                14.041014671325684,
                18.893299102783203,
                2.1441824436187744,
                25.857006072998047,
                23.331798553466797,
                25.71210479736328
            ]
        },
        "HF": {
            "mean": 18.008007049560547,
            "std": 6.664091110229492,
            "samples": [
                6.601075649261475,
                18.56122589111328,
                11.860212326049805,
                20.09564208984375,
                20.218673706054688,
                29.239931106567383,
                12.052230834960938,
                13.334054946899414,
                21.828529357910156,
                26.288509368896484
            ]
        },
        "LF/HF": {
            "mean": 0.6376763582229614,
            "std": 0.7512741684913635,
            "samples": [
                1.5041135549545288,
                1.2177923917770386,
                1.3063530921936035,
                0.020628953352570534,
                0.09963278472423553,
                0.39298519492149353,
                -0.20423148572444916,
                1.9623603820800781,
                -0.2762155532836914,
                0.35334399342536926
            ]
        }
    },
    "EDA Features (Stats)": {
        "Mean EDA": {
            "mean": 0.9507336616516113,
            "std": 0.7012835144996643,
            "samples": [
                0.20007312297821045,
                0.3296147882938385,
                0.09575548768043518,
                1.9839756488800049,
                0.9055327773094177,
                1.1863842010498047,
                2.3712258338928223,
                0.6730962991714478,
                0.9437015652656555,
                0.8179766535758972
            ]
        },
        "Median EDA": {
            "mean": 1.0296441316604614,
            "std": 0.6770005822181702,
            "samples": [
                0.7228713631629944,
                0.8826783299446106,
                0.780337393283844,
                1.8249754905700684,
                0.2490631490945816,
                0.7623275518417358,
                2.2699341773986816,
                0.5583056211471558,
                0.3123512864112854,
                1.9335969686508179
            ]
        },
        "SCR Count": {
            "mean": 34.57358932495117,
            "std": 0.3325541913509369,
            "samples": [
                34.67180252075195,
                34.69921875,
                34.638450622558594,
                34.191184997558594,
                34.78404235839844,
                34.80845260620117,
                33.72626495361328,
                34.854103088378906,
                34.754676818847656,
                34.607704162597656
            ]
        }
    }
}