{
    "HRV Features (Stats)": {
        "RMSSD": {
            "mean": 0.2106970101594925,
            "std": 0.12011609226465225,
            "samples": [
                0.09884504228830338,
                0.06586392968893051,
                0.25722000002861023,
                0.30345413088798523,
                0.10718945413827896,
                0.33057475090026855,
                0.17295949161052704,
                0.3964027166366577,
                0.04952326416969299,
                0.32493719458580017
            ]
        },
        "SDNN": {
            "mean": 0.1803075224161148,
            "std": 0.08014453947544098,
            "samples": [
                0.1559900939464569,
                0.09350626915693283,
                0.16845928132534027,
                0.27340230345726013,
                0.08125218749046326,
                0.08293679356575012,
                0.22514832019805908,
                0.19962844252586365,
                0.3403615951538086,
                0.18238990008831024
            ]
        },
        "LF": {
            "mean": 0.22735583782196045,
            "std": 0.6622258424758911,
            "samples": [
                0.40294817090034485,
                1.5690091848373413,
                1.4212088584899902,
                -0.18310575187206268,
                -0.26436272263526917,
                -0.0374750979244709,
                -0.055737774819135666,
                -0.2711474597454071,
                -0.032369840890169144,
                -0.2754093110561371
            ]
        },
        "HF": {
            "mean": 38.90616989135742,
            "std": 1.392004370689392,
            "samples": [
                40.18407440185547,
                40.881065368652344,
                40.62897872924805,
                38.31270980834961,
                39.33327865600586,
                36.95290756225586,
                37.283260345458984,
                39.14407730102539,
                36.997379302978516,
                39.34397506713867
            ]
        },
        "LF/HF": {
            "mean": -0.2499668300151825,
            "std": 0.026578251272439957,
            "samples": [
                -0.2560168206691742,
                -0.25343087315559387,
                -0.27711886167526245,
                -0.2655256986618042,
                -0.2500985264778137,
                -0.2737482190132141,
                -0.22447802126407623,
                -0.23636257648468018,
                -0.1870054304599762,
                -0.27588316798210144
            ]
        }
    },
    "EDA Features (Stats)": {
        "Mean EDA": {
            "mean": 0.45181289315223694,
            "std": 0.9230066537857056,
            "samples": [
                -0.19076044857501984,
                0.10934727638959885,
                1.7476246356964111,
                -0.27827057242393494,
                -0.2696128487586975,
                2.052055597305298,
                -0.24611753225326538,
                -0.1367967575788498,
                -0.006532135885208845,
                1.7371917963027954
            ]
        },
        "Median EDA": {
            "mean": 0.3649669289588928,
            "std": 0.8443800806999207,
            "samples": [
                -0.19157496094703674,
                -0.2499232292175293,
                0.40617015957832336,
                -0.2700255215167999,
                -0.24736681580543518,
                1.6116551160812378,
                -0.277993768453598,
                -0.17444396018981934,
                2.1248908042907715,
                0.9182815551757812
            ]
        },
        "SCR Count": {
            "mean": 20.451461791992188,
            "std": 6.134685516357422,
            "samples": [
                27.080503463745117,
                14.865742683410645,
                27.967939376831055,
                17.096174240112305,
                12.940546035766602,
                28.007043838500977,
                21.7434024810791,
                11.156582832336426,
                25.575849533081055,
                18.080820083618164
            ]
        }
    }
}