{
    "HRV Features (Stats)": {
        "RMSSD": {
            "mean": 0.13511595129966736,
            "std": 0.15045510232448578,
            "samples": [
                0.0188850536942482,
                0.1236991137266159,
                -0.044773273169994354,
                0.20718756318092346,
                0.13002486526966095,
                0.3202899694442749,
                0.15009517967700958,
                -0.07336660474538803,
                0.07763011008501053,
                0.4414876401424408
            ]
        },
        "SDNN": {
            "mean": 0.3022746741771698,
            "std": 0.12470536679029465,
            "samples": [
                0.5774770379066467,
                0.26965832710266113,
                0.15293507277965546,
                0.29765424132347107,
                0.3432972729206085,
                0.1654059886932373,
                0.3248975872993469,
                0.1919509917497635,
                0.446653813123703,
                0.25281646847724915
            ]
        },
        "LF": {
            "mean": 14.002647399902344,
            "std": 4.2019453048706055,
            "samples": [
                14.809416770935059,
                14.969361305236816,
                11.8193998336792,
                16.217435836791992,
                15.87574577331543,
                22.381900787353516,
                5.925459861755371,
                16.32644271850586,
                10.117612838745117,
                11.583698272705078
            ]
        },
        "HF": {
            "mean": 40.149784088134766,
            "std": 2.132826805114746,
            "samples": [
                40.292362213134766,
                40.58182907104492,
                41.54233932495117,
                39.80704879760742,
                39.999977111816406,
                34.23250961303711,
                41.853111267089844,
                39.72186279296875,
                41.94453430175781,
                41.52225875854492
            ]
        },
        "LF/HF": {
            "mean": -0.07268429547548294,
            "std": 0.2191981077194214,
            "samples": [
                -0.2534325122833252,
                -0.23981258273124695,
                -0.22020681202411652,
                -0.18233230710029602,
                0.3567947745323181,
                0.291355699300766,
                -0.19249719381332397,
                -0.116025410592556,
                -0.2474532276391983,
                0.07676666975021362
            ]
        }
    },
    "EDA Features (Stats)": {
        "Mean EDA": {
            "mean": 0.3335888385772705,
            "std": 0.8274298310279846,
            "samples": [
                -0.13788850605487823,
                -0.2690790593624115,
                -0.2749563753604889,
                0.2215682864189148,
                2.185481309890747,
                0.9888696670532227,
                -0.23366165161132812,
                1.346043586730957,
                -0.2783623933792114,
                -0.21212631464004517
            ]
        },
        "Median EDA": {
            "mean": 0.28638118505477905,
            "std": 1.0145273208618164,
            "samples": [
                -0.2392052859067917,
                -0.18376372754573822,
                -0.27777984738349915,
                0.5924444198608398,
                3.1046395301818848,
                -0.27160245180130005,
                -0.19057610630989075,
                0.8440474271774292,
                -0.2630501389503479,
                -0.2513417899608612
            ]
        },
        "SCR Count": {
            "mean": 17.593395233154297,
            "std": 7.242966651916504,
            "samples": [
                12.214886665344238,
                11.927047729492188,
                8.965213775634766,
                7.161922454833984,
                27.591136932373047,
                18.545421600341797,
                22.86643409729004,
                14.773712158203125,
                27.39728355407715,
                24.490907669067383
            ]
        }
    }
}