{
    "HRV Features (Stats)": {
        "RMSSD": {
            "mean": 0.12761567533016205,
            "std": 0.1507832109928131,
            "samples": [
                0.3183811902999878,
                0.08129270374774933,
                -0.012748531997203827,
                -0.09239081293344498,
                -0.0010515620233491063,
                -0.022713689133524895,
                0.15148083865642548,
                0.25452426075935364,
                0.2464745193719864,
                0.3529078960418701
            ]
        },
        "SDNN": {
            "mean": 0.2554239332675934,
            "std": 0.1348518431186676,
            "samples": [
                0.17346392571926117,
                0.06156710907816887,
                0.25057733058929443,
                0.19907057285308838,
                0.05804245173931122,
                0.4015583097934723,
                0.44124412536621094,
                0.29781705141067505,
                0.22386065125465393,
                0.4470376670360565
            ]
        },
        "LF": {
            "mean": 13.112558364868164,
            "std": 6.207687854766846,
            "samples": [
                16.925312042236328,
                9.372271537780762,
                6.645567893981934,
                18.111011505126953,
                7.219135284423828,
                20.601787567138672,
                16.46784019470215,
                15.02609920501709,
                1.176990032196045,
                19.579566955566406
            ]
        },
        "HF": {
            "mean": 38.94959259033203,
            "std": 2.270643472671509,
            "samples": [
                39.37718963623047,
                41.69772720336914,
                34.30727767944336,
                38.37498092651367,
                41.73808670043945,
                36.30440902709961,
                39.50913619995117,
                40.03125762939453,
                40.75917434692383,
                37.39669418334961
            ]
        },
        "LF/HF": {
            "mean": 0.03732236474752426,
            "std": 0.49488839507102966,
            "samples": [
                -0.19156040251255035,
                -0.2648411691188812,
                1.3688887357711792,
                0.22444204986095428,
                -0.21938563883304596,
                -0.23895913362503052,
                -0.14335083961486816,
                -0.27842745184898376,
                -0.27490440011024475,
                0.39132189750671387
            ]
        }
    },
    "EDA Features (Stats)": {
        "Mean EDA": {
            "mean": 1.0999877452850342,
            "std": 1.791884183883667,
            "samples": [
                2.05422043800354,
                1.4310581684112549,
                5.533090591430664,
                0.6862003803253174,
                2.5562469959259033,
                -0.24787288904190063,
                -0.277347207069397,
                -0.2669355869293213,
                -0.21685148775577545,
                -0.2519313395023346
            ]
        },
        "Median EDA": {
            "mean": 0.6384068727493286,
            "std": 1.6166775226593018,
            "samples": [
                0.10180429369211197,
                1.078760027885437,
                5.27842378616333,
                0.34863293170928955,
                0.8503531813621521,
                -0.26130688190460205,
                -0.27844250202178955,
                -0.27557939291000366,
                -0.1808016300201416,
                -0.27777525782585144
            ]
        },
        "SCR Count": {
            "mean": 12.133064270019531,
            "std": 9.501822471618652,
            "samples": [
                20.937875747680664,
                14.616206169128418,
                27.84654998779297,
                3.4029972553253174,
                27.74778175354004,
                8.84023380279541,
                3.2877843379974365,
                6.382650852203369,
                5.158602714538574,
                3.109964609146118
            ]
        }
    }
}