{
    "HRV Features (Stats)": {
        "RMSSD": {
            "mean": 0.16329321265220642,
            "std": 0.12063521146774292,
            "samples": [
                0.12257008999586105,
                -0.04637503996491432,
                0.4093320965766907,
                0.039471548050642014,
                0.2658158540725708,
                0.10797695070505142,
                0.18518541753292084,
                0.11914233863353729,
                0.2517525255680084,
                0.17806027829647064
            ]
        },
        "SDNN": {
            "mean": 0.20334851741790771,
            "std": 0.07256895303726196,
            "samples": [
                0.2751113474369049,
                0.20698653161525726,
                0.12843865156173706,
                0.11783662438392639,
                0.2413441687822342,
                0.21266061067581177,
                0.12045057862997055,
                0.3562672436237335,
                0.15352623164653778,
                0.22086329758167267
            ]
        },
        "LF": {
            "mean": 2.808879852294922,
            "std": 2.865074872970581,
            "samples": [
                8.304179191589355,
                3.7149603366851807,
                -0.27669471502304077,
                3.2022385597229004,
                0.7770764231681824,
                0.1663540005683899,
                2.4892492294311523,
                7.6123480796813965,
                1.7257829904556274,
                0.37330541014671326
            ]
        },
        "HF": {
            "mean": 40.72319030761719,
            "std": 0.8165754079818726,
            "samples": [
                41.79209518432617,
                41.223777770996094,
                39.03531265258789,
                41.06301498413086,
                40.49568557739258,
                40.16676712036133,
                40.89845275878906,
                41.90902328491211,
                40.63469314575195,
                40.0130615234375
            ]
        },
        "LF/HF": {
            "mean": -0.24064645171165466,
            "std": 0.059728410094976425,
            "samples": [
                -0.07119128853082657,
                -0.27832385897636414,
                -0.25567567348480225,
                -0.20948778092861176,
                -0.26895931363105774,
                -0.2773169279098511,
                -0.2593570947647095,
                -0.27206704020500183,
                -0.24435262382030487,
                -0.2697330415248871
            ]
        }
    },
    "EDA Features (Stats)": {
        "Mean EDA": {
            "mean": 0.0767141729593277,
            "std": 0.554976224899292,
            "samples": [
                -0.08988697826862335,
                -0.22240324318408966,
                -0.27362707257270813,
                0.7970118522644043,
                -0.2696837782859802,
                0.14538608491420746,
                1.4430829286575317,
                -0.27498242259025574,
                -0.23223063349723816,
                -0.25552499294281006
            ]
        },
        "Median EDA": {
            "mean": 0.28890174627304077,
            "std": 0.8038548827171326,
            "samples": [
                -0.02065438963472843,
                -0.27195653319358826,
                -0.2678166925907135,
                0.9768571853637695,
                -0.2783823013305664,
                1.4727952480316162,
                1.9481486082077026,
                -0.27578362822532654,
                -0.18208739161491394,
                -0.2121027559041977
            ]
        },
        "SCR Count": {
            "mean": 3.9276840686798096,
            "std": 2.819640874862671,
            "samples": [
                2.6861937046051025,
                7.4314799308776855,
                2.419325590133667,
                0.7396694421768188,
                1.5302786827087402,
                7.699462413787842,
                4.599235534667969,
                8.501457214355469,
                0.5812167525291443,
                3.0885233879089355
            ]
        }
    }
}