{
    "HRV Features (Stats)": {
        "RMSSD": {
            "mean": -0.034928880631923676,
            "std": 0.3297416865825653,
            "samples": [
                -0.21384760737419128,
                -0.1993398219347,
                -0.15843471884727478,
                -0.16158920526504517,
                0.8093077540397644,
                -0.26906681060791016,
                -0.27793246507644653,
                -0.27400729060173035,
                0.1485375612974167,
                0.24708381295204163
            ]
        },
        "SDNN": {
            "mean": 0.14195294678211212,
            "std": 0.2289680540561676,
            "samples": [
                0.13575346767902374,
                0.08593085408210754,
                0.32231712341308594,
                -0.14725136756896973,
                0.10794216394424438,
                0.5047551393508911,
                0.4572789967060089,
                -0.12995317578315735,
                0.23954500257968903,
                -0.15678872168064117
            ]
        },
        "LF": {
            "mean": 5.001696586608887,
            "std": 3.107238292694092,
            "samples": [
                11.239628791809082,
                3.3422961235046387,
                5.854578495025635,
                4.996307849884033,
                -0.15512828528881073,
                7.723221778869629,
                3.938206911087036,
                7.252296447753906,
                1.2951349020004272,
                4.530421733856201
            ]
        },
        "HF": {
            "mean": 30.8289852142334,
            "std": 2.500598669052124,
            "samples": [
                28.669750213623047,
                34.44613265991211,
                31.45256805419922,
                30.45687484741211,
                27.797225952148438,
                28.768474578857422,
                31.610946655273438,
                35.28367233276367,
                31.981201171875,
                27.8229923248291
            ]
        },
        "LF/HF": {
            "mean": -0.04311593621969223,
            "std": 0.2677481770515442,
            "samples": [
                -0.2621029317378998,
                -0.25552472472190857,
                0.4696497619152069,
                -0.2770082652568817,
                0.265622615814209,
                0.13036006689071655,
                -0.2761000394821167,
                -0.1760237216949463,
                -0.25757694244384766,
                0.20754478871822357
            ]
        }
    },
    "EDA Features (Stats)": {
        "Mean EDA": {
            "mean": 0.2955242097377777,
            "std": 0.5217214226722717,
            "samples": [
                -0.26582205295562744,
                1.3028396368026733,
                0.8594585061073303,
                -0.13984136283397675,
                -0.1469813883304596,
                -0.25769272446632385,
                0.1896747499704361,
                0.7506251931190491,
                0.04705711454153061,
                0.6159244775772095
            ]
        },
        "Median EDA": {
            "mean": -0.013155755586922169,
            "std": 0.005315103568136692,
            "samples": [
                -0.015062298625707626,
                -0.007181345019489527,
                -0.009238149970769882,
                -0.021487068384885788,
                -0.018213333562016487,
                -0.020460868254303932,
                -0.014670382253825665,
                -0.005871547386050224,
                -0.009835145436227322,
                -0.00953742116689682
            ]
        },
        "SCR Count": {
            "mean": 21.313459396362305,
            "std": 2.3011398315429688,
            "samples": [
                17.691102981567383,
                26.12183380126953,
                22.70537757873535,
                18.960683822631836,
                20.34640884399414,
                20.345678329467773,
                20.156538009643555,
                20.795198440551758,
                22.88336753845215,
                23.128416061401367
            ]
        }
    }
}