{
    "HRV_RMSE": 16.70138555021334,
    "EDA_Features_RMSE": 7.418578883626425,
    "HRV_MMD": 0.14287389814853668,
    "EDA_Features_MMD": 0.31031501293182373,
    "HRV_Wasserstein": 5.70985582946694,
    "EDA_Features_Wasserstein": 2.7849326908148107,
    "HRV_FID_like": 1004.54052734375,
    "EDA_Features_FID_like": 66.47769927978516,
    "Real_Stats": {
        "HRV_features": {
            "mean": [
                0.2383125275373459,
                0.17222745716571808,
                13.797480583190918,
                33.842960357666016,
                0.791517436504364
            ],
            "std": [
                0.08362554758787155,
                0.05441409721970558,
                18.223459243774414,
                30.140527725219727,
                1.6007941961288452
            ],
            "min": [
                0.01887626387178898,
                0.024269189685583115,
                0.0,
                0.3389390707015991,
                0.0
            ],
            "max": [
                0.4562393128871918,
                0.2900996208190918,
                102.2117919921875,
                231.43197631835938,
                16.122573852539062
            ]
        },
        "EDA_features": {
            "mean": [
                -0.5479972958564758,
                -0.5468152761459351,
                9.956174850463867
            ],
            "std": [
                0.7857902646064758,
                0.7867348790168762,
                11.62983226776123
            ],
            "min": [
                -2.123168706893921,
                -2.1083333492279053,
                0.0
            ],
            "max": [
                3.3919906616210938,
                3.3919906616210938,
                46.0
            ]
        }
    },
    "Generated_Stats": {
        "HRV_features": {
            "mean": [
                0.004307734314352274,
                -0.006042306311428547,
                10.970297813415527,
                24.25184440612793,
                0.6460953950881958
            ],
            "std": [
                0.3209588825702667,
                0.2152155339717865,
                2.7993712425231934,
                4.347393035888672,
                0.5145555138587952
            ],
            "min": [
                -0.27846431732177734,
                -0.2781960666179657,
                2.9052321910858154,
                13.090879440307617,
                -0.27304607629776
            ],
            "max": [
                1.5037490129470825,
                0.6747547388076782,
                17.777183532714844,
                33.800025939941406,
                2.2592413425445557
            ]
        },
        "EDA_features": {
            "mean": [
                -0.0899825170636177,
                0.873282790184021,
                9.603188514709473
            ],
            "std": [
                0.05301375314593315,
                1.2526912689208984,
                3.6691436767578125
            ],
            "min": [
                -0.27842968702316284,
                -0.27846428751945496,
                0.6026898622512817
            ],
            "max": [
                -0.019486932083964348,
                4.83475399017334,
                18.755889892578125
            ]
        }
    },
    "Features_Combined_Classifier_Mean_Accuracy": 0.8805544554455447,
    "Features_Combined_Classifier_Std_Accuracy": 0.021333782630958042,
    "Features_Uncertainty": {
        "coverage": {
            "HRV_features": {
                "mean_coverage": 0.6717131474103586,
                "expected_coverage": 0.9
            },
            "EDA_features": {
                "mean_coverage": 0.19654714475431606,
                "expected_coverage": 0.9
            }
        },
        "negative_log_likelihood": {
            "HRV_features": 12.42199578352352,
            "EDA_features": 46.65840949926085
        },
        "calibration_plot_paths": {
            "HRV_features": "evaluation_results/uncertainty_plots/calibration_HRV_features.png",
            "EDA_features": "evaluation_results/uncertainty_plots/calibration_EDA_features.png"
        }
    }
}