{
    "HRV_RMSE": 20.62032010707786,
    "EDA_Features_RMSE": 10.761432335117863,
    "HRV_MMD": 0.08292824774980545,
    "EDA_Features_MMD": 0.11822805553674698,
    "HRV_Wasserstein": 4.704737259245344,
    "EDA_Features_Wasserstein": 1.612392895948419,
    "HRV_FID_like": 442.36810302734375,
    "EDA_Features_FID_like": 1.5167804956436157,
    "Real_Stats": {
        "HRV_features": {
            "mean": [
                0.31109094619750977,
                0.2271052747964859,
                19.200077056884766,
                55.84747314453125,
                0.5715386271476746
            ],
            "std": [
                0.06073779985308647,
                0.041699789464473724,
                20.398983001708984,
                32.45689392089844,
                0.7531133890151978
            ],
            "min": [
                0.10215205699205399,
                0.09564203023910522,
                0.0,
                14.131773948669434,
                0.0
            ],
            "max": [
                0.47328057885169983,
                0.32112380862236023,
                96.0899429321289,
                162.59336853027344,
                4.227896690368652
            ]
        },
        "EDA_features": {
            "mean": [
                1.4677892923355103,
                1.4654574394226074,
                26.178571701049805
            ],
            "std": [
                0.9326164722442627,
                0.9377993941307068,
                12.344036102294922
            ],
            "min": [
                -0.557686984539032,
                -0.5582375526428223,
                0.0
            ],
            "max": [
                3.0326147079467773,
                3.0605263710021973,
                55.0
            ]
        }
    },
    "Generated_Stats": {
        "HRV_features": {
            "mean": [
                0.26083412766456604,
                0.29801344871520996,
                23.304595947265625,
                47.8817024230957,
                0.6172084808349609
            ],
            "std": [
                0.13815894722938538,
                0.27779000997543335,
                17.769084930419922,
                13.613558769226074,
                0.8455314040184021
            ],
            "min": [
                -0.03593534231185913,
                -0.23463284969329834,
                -0.2778684198856354,
                5.102733612060547,
                -0.274484246969223
            ],
            "max": [
                0.6624951958656311,
                1.6373122930526733,
                47.425575256347656,
                59.88934326171875,
                3.746997594833374
            ]
        },
        "EDA_features": {
            "mean": [
                1.2528351545333862,
                1.2229853868484497,
                26.446069717407227
            ],
            "std": [
                1.2229818105697632,
                1.2071821689605713,
                13.431854248046875
            ],
            "min": [
                -0.2784525752067566,
                -0.27846410870552063,
                0.6039195656776428
            ],
            "max": [
                3.657925844192505,
                3.478797674179077,
                39.54971694946289
            ]
        }
    },
    "Features_Combined_Classifier_Mean_Accuracy": 0.6571428571428571,
    "Features_Combined_Classifier_Std_Accuracy": 0.08704326862109957
}