{
    "HRV_RMSE": 18.856122208093648,
    "EDA_Features_RMSE": 14.754740325080169,
    "HRV_MMD": 0.03860877454280853,
    "EDA_Features_MMD": 0.2580816447734833,
    "HRV_Wasserstein": 2.2331760551892783,
    "EDA_Features_Wasserstein": 6.715126830121936,
    "HRV_FID_like": 118.38542938232422,
    "EDA_Features_FID_like": 291.67230224609375,
    "Real_Stats": {
        "HRV_features": {
            "mean": [
                0.2383125275373459,
                0.17222745716571808,
                13.797480583190918,
                33.842960357666016,
                0.791517436504364
            ],
            "std": [
                0.08362554758787155,
                0.05441409721970558,
                18.223459243774414,
                30.140527725219727,
                1.6007941961288452
            ],
            "min": [
                0.01887626387178898,
                0.024269189685583115,
                0.0,
                0.3389390707015991,
                0.0
            ],
            "max": [
                0.4562393128871918,
                0.2900996208190918,
                102.2117919921875,
                231.43197631835938,
                16.122573852539062
            ]
        },
        "EDA_features": {
            "mean": [
                -0.5479972958564758,
                -0.5468152761459351,
                9.956174850463867
            ],
            "std": [
                0.7857902646064758,
                0.7867348790168762,
                11.62983226776123
            ],
            "min": [
                -2.123168706893921,
                -2.1083333492279053,
                0.0
            ],
            "max": [
                3.3919906616210938,
                3.3919906616210938,
                46.0
            ]
        }
    },
    "Generated_Stats": {
        "HRV_features": {
            "mean": [
                0.1987471878528595,
                0.17861104011535645,
                13.136436462402344,
                30.286102294921875,
                0.7950975298881531
            ],
            "std": [
                0.14244678616523743,
                0.23487631976604462,
                14.96374225616455,
                20.415231704711914,
                1.3718147277832031
            ],
            "min": [
                -0.10625384747982025,
                -0.27803272008895874,
                -0.2784325182437897,
                4.040341854095459,
                -0.27839499711990356
            ],
            "max": [
                0.7065389156341553,
                1.1321351528167725,
                47.465606689453125,
                59.66941833496094,
                6.6209330558776855
            ]
        },
        "EDA_features": {
            "mean": [
                1.0835239887237549,
                1.0409883260726929,
                26.743724822998047
            ],
            "std": [
                1.3203318119049072,
                1.292009949684143,
                13.661195755004883
            ],
            "min": [
                -0.27846452593803406,
                -0.2784644365310669,
                -0.23401249945163727
            ],
            "max": [
                5.4490766525268555,
                5.275893688201904,
                39.50236129760742
            ]
        }
    },
    "Features_Combined_Classifier_Mean_Accuracy": 0.8345742574257425,
    "Features_Combined_Classifier_Std_Accuracy": 0.029046298931523926
}