{
    "HRV_RMSE": 21.57687332312872,
    "EDA_Features_RMSE": 10.592767630521248,
    "HRV_MMD": 0.07320922613143921,
    "EDA_Features_MMD": 0.09587621688842773,
    "HRV_Wasserstein": 6.518476090162357,
    "EDA_Features_Wasserstein": 2.123485998577893,
    "HRV_FID_like": 1252.9622802734375,
    "EDA_Features_FID_like": 17.791120529174805,
    "Real_Stats": {
        "HRV_features": {
            "mean": [
                0.31109094619750977,
                0.2271052747964859,
                19.200077056884766,
                55.84747314453125,
                0.5715386271476746
            ],
            "std": [
                0.06073779985308647,
                0.041699789464473724,
                20.398983001708984,
                32.45689392089844,
                0.7531133890151978
            ],
            "min": [
                0.10215205699205399,
                0.09564203023910522,
                0.0,
                14.131773948669434,
                0.0
            ],
            "max": [
                0.47328057885169983,
                0.32112380862236023,
                96.0899429321289,
                162.59336853027344,
                4.227896690368652
            ]
        },
        "EDA_features": {
            "mean": [
                1.4677892923355103,
                1.4654574394226074,
                26.178571701049805
            ],
            "std": [
                0.9326164722442627,
                0.9377993941307068,
                12.344036102294922
            ],
            "min": [
                -0.557686984539032,
                -0.5582375526428223,
                0.0
            ],
            "max": [
                3.0326147079467773,
                3.0605263710021973,
                55.0
            ]
        }
    },
    "Generated_Stats": {
        "HRV_features": {
            "mean": [
                0.14180080592632294,
                0.19709643721580505,
                13.784624099731445,
                31.25594711303711,
                0.35835394263267517
            ],
            "std": [
                0.189010351896286,
                0.14991433918476105,
                9.832725524902344,
                9.937200546264648,
                0.8330470323562622
            ],
            "min": [
                -0.21463216841220856,
                -0.21988117694854736,
                -0.2729518413543701,
                3.683497190475464,
                -0.2784602642059326
            ],
            "max": [
                0.6737204790115356,
                0.7483385801315308,
                26.58042335510254,
                41.90968704223633,
                3.3487892150878906
            ]
        },
        "EDA_features": {
            "mean": [
                1.0917205810546875,
                1.0173035860061646,
                22.103422164916992
            ],
            "std": [
                1.4587894678115845,
                1.6024258136749268,
                12.69534969329834
            ],
            "min": [
                -0.27829208970069885,
                -0.27832430601119995,
                -0.2784572243690491
            ],
            "max": [
                5.606250762939453,
                6.522336483001709,
                34.9207878112793
            ]
        }
    },
    "Features_Combined_Classifier_Mean_Accuracy": 0.8107142857142857,
    "Features_Combined_Classifier_Std_Accuracy": 0.06925256939166184,
    "Features_Uncertainty": {
        "coverage": {
            "HRV_features": {
                "mean_coverage": 0.79,
                "expected_coverage": 0.9
            },
            "EDA_features": {
                "mean_coverage": 0.8738095238095238,
                "expected_coverage": 0.9
            }
        },
        "negative_log_likelihood": {
            "HRV_features": 3.3147211748008236,
            "EDA_features": 2.434361136072314
        },
        "calibration_plot_paths": {
            "HRV_features": "evaluation_results/uncertainty_plots/calibration_HRV_features_3.png",
            "EDA_features": "evaluation_results/uncertainty_plots/calibration_EDA_features_3.png"
        }
    }
}