{
    "HRV_RMSE": 18.26451307164088,
    "EDA_Features_RMSE": 13.874235114932068,
    "HRV_MMD": 0.028653737157583237,
    "EDA_Features_MMD": 0.4304264783859253,
    "HRV_Wasserstein": 3.6661641322317395,
    "EDA_Features_Wasserstein": 7.544319736673576,
    "HRV_FID_like": 522.2882690429688,
    "EDA_Features_FID_like": 363.41168212890625,
    "Real_Stats": {
        "HRV_features": {
            "mean": [
                0.2383125275373459,
                0.17222745716571808,
                13.797480583190918,
                33.842960357666016,
                0.791517436504364
            ],
            "std": [
                0.08362554758787155,
                0.05441409721970558,
                18.223459243774414,
                30.140527725219727,
                1.6007941961288452
            ],
            "min": [
                0.01887626387178898,
                0.024269189685583115,
                0.0,
                0.3389390707015991,
                0.0
            ],
            "max": [
                0.4562393128871918,
                0.2900996208190918,
                102.2117919921875,
                231.43197631835938,
                16.122573852539062
            ]
        },
        "EDA_features": {
            "mean": [
                -0.5479972958564758,
                -0.5468152761459351,
                9.956174850463867
            ],
            "std": [
                0.7857902646064758,
                0.7867348790168762,
                11.62983226776123
            ],
            "min": [
                -2.123168706893921,
                -2.1083333492279053,
                0.0
            ],
            "max": [
                3.3919906616210938,
                3.3919906616210938,
                46.0
            ]
        }
    },
    "Generated_Stats": {
        "HRV_features": {
            "mean": [
                0.2302999496459961,
                0.15061330795288086,
                8.380248069763184,
                21.541772842407227,
                0.6535000801086426
            ],
            "std": [
                0.26538512110710144,
                0.16320161521434784,
                9.653972625732422,
                13.77321720123291,
                1.1178359985351562
            ],
            "min": [
                -0.25465190410614014,
                -0.265102356672287,
                -0.2775621712207794,
                -0.27671879529953003,
                -0.27842986583709717
            ],
            "max": [
                1.382379174232483,
                0.7208477258682251,
                26.624374389648438,
                41.88932418823242,
                4.622119426727295
            ]
        },
        "EDA_features": {
            "mean": [
                1.0782970190048218,
                1.0326861143112183,
                28.79169273376465
            ],
            "std": [
                1.4751951694488525,
                1.4724490642547607,
                10.033013343811035
            ],
            "min": [
                -0.27835336327552795,
                -0.2784399390220642,
                -0.271896630525589
            ],
            "max": [
                6.864763259887695,
                7.673787593841553,
                34.97754669189453
            ]
        }
    },
    "Features_Combined_Classifier_Mean_Accuracy": 0.8864950495049506,
    "Features_Combined_Classifier_Std_Accuracy": 0.015914756749749157,
    "Features_Uncertainty": {
        "coverage": {
            "HRV_features": {
                "mean_coverage": 0.8924302788844621,
                "expected_coverage": 0.9
            },
            "EDA_features": {
                "mean_coverage": 0.33200531208499334,
                "expected_coverage": 0.9
            }
        },
        "negative_log_likelihood": {
            "HRV_features": 2.460879065409527,
            "EDA_features": 3.0087197578785476
        },
        "calibration_plot_paths": {
            "HRV_features": "evaluation_results/uncertainty_plots/calibration_HRV_features_1.png",
            "EDA_features": "evaluation_results/uncertainty_plots/calibration_EDA_features_1.png"
        }
    }
}