{
    "HRV_RMSE": 21.332656770150475,
    "EDA_Features_RMSE": 7.9964343707982986,
    "HRV_MMD": 0.24292536079883575,
    "EDA_Features_MMD": 0.325313925743103,
    "HRV_Wasserstein": 8.873904089467997,
    "EDA_Features_Wasserstein": 3.7371741693197347,
    "HRV_FID_like": 1995.2529296875,
    "EDA_Features_FID_like": 109.22966766357422,
    "Real_Stats": {
        "HRV_features": {
            "mean": [
                0.31109094619750977,
                0.2271052747964859,
                19.200077056884766,
                55.84747314453125,
                0.5715386271476746
            ],
            "std": [
                0.06073779985308647,
                0.041699789464473724,
                20.398983001708984,
                32.45689392089844,
                0.7531133890151978
            ],
            "min": [
                0.10215205699205399,
                0.09564203023910522,
                0.0,
                14.131773948669434,
                0.0
            ],
            "max": [
                0.47328057885169983,
                0.32112380862236023,
                96.0899429321289,
                162.59336853027344,
                4.227896690368652
            ]
        },
        "EDA_features": {
            "mean": [
                1.4677892923355103,
                1.4654574394226074,
                26.178571701049805
            ],
            "std": [
                0.9326164722442627,
                0.9377993941307068,
                12.344036102294922
            ],
            "min": [
                -0.557686984539032,
                -0.5582375526428223,
                0.0
            ],
            "max": [
                3.0326147079467773,
                3.0605263710021973,
                55.0
            ]
        }
    },
    "Generated_Stats": {
        "HRV_features": {
            "mean": [
                -0.04367264732718468,
                -0.0012482134625315666,
                4.068071365356445,
                31.39878273010254,
                -0.10220712423324585
            ],
            "std": [
                0.269974023103714,
                0.22224842011928558,
                2.0399956703186035,
                3.638740062713623,
                0.2144601196050644
            ],
            "min": [
                -0.2783922255039215,
                -0.2782512903213501,
                -0.24216465651988983,
                21.678497314453125,
                -0.2784607708454132
            ],
            "max": [
                0.8071992993354797,
                0.8180729150772095,
                10.040101051330566,
                39.21661376953125,
                1.0463403463363647
            ]
        },
        "EDA_features": {
            "mean": [
                0.5504935383796692,
                -0.016205746680498123,
                22.24053382873535
            ],
            "std": [
                0.6624986529350281,
                0.012273760512471199,
                2.8701133728027344
            ],
            "min": [
                -0.2781764268875122,
                -0.06186714395880699,
                15.24994945526123
            ],
            "max": [
                2.784494638442993,
                -0.0031200379598885775,
                28.451810836791992
            ]
        }
    },
    "Features_Combined_Classifier_Mean_Accuracy": 0.975,
    "Features_Combined_Classifier_Std_Accuracy": 0.01821078397711709,
    "Features_Uncertainty": {
        "coverage": {
            "HRV_features": {
                "mean_coverage": 0.5671428571428572,
                "expected_coverage": 0.9
            },
            "EDA_features": {
                "mean_coverage": 0.22857142857142856,
                "expected_coverage": 0.9
            }
        },
        "negative_log_likelihood": {
            "HRV_features": 27.838513428596464,
            "EDA_features": 1650.353405956868
        },
        "calibration_plot_paths": {
            "HRV_features": "evaluation_results/uncertainty_plots/calibration_HRV_features_2.png",
            "EDA_features": "evaluation_results/uncertainty_plots/calibration_EDA_features_2.png"
        }
    }
}