{
    "HRV Features": {
        "RMSSD": 0.46554461121559143,
        "SDNN": 0.5110816359519958,
        "LF": 4.992250919342041,
        "HF": 58.03392028808594,
        "LF/HF": -0.15342390537261963
    },
    "EDA Features": {
        "Mean EDA": -0.27655136585235596,
        "Median EDA": -0.27838361263275146,
        "SCR Count": 13.97065544128418
    }
}